1,1,1570,test,test,2023-01-17T11:35:06.000000Z,2023-01-17T11:35:06.000000Z
2,1,1571,test,test,2023-01-17T11:35:06.000000Z,2023-01-17T11:35:06.000000Z
3,1,1572,test,test,2023-01-17T11:35:06.000000Z,2023-01-17T11:35:06.000000Z
4,1,1573,test,test,2023-01-17T11:35:06.000000Z,2023-01-17T11:35:06.000000Z
5,1,1574,test,test,2023-01-17T11:35:06.000000Z,2023-01-17T11:35:06.000000Z
6,1,13,test,test,2023-01-17T11:35:06.000000Z,2023-01-17T11:35:06.000000Z
7,1,14,test,test,2023-01-17T11:35:06.000000Z,2023-01-17T11:35:06.000000Z
8,1,15,test,test,2023-01-17T11:35:06.000000Z,2023-01-17T11:35:06.000000Z
9,1,1625,test,test,2023-01-17T11:35:06.000000Z,2023-01-17T11:35:06.000000Z
10,1,1,tset,"taet
taseta
asdfads",2023-01-17T12:36:12.000000Z,2023-01-17T12:36:12.000000Z
